"precision","recall","f1"
0.942307692307692,0.720588235294118,0.816666666666667
